<application>
  <component name="CodotaSettings">
    <option name="methodCompletionsPercentageSet" value="true" />
    <option name="id" value="a6f331b4-5360-46d9-a9ed-6e1039c64e6b" />
    <option name="wasRunBefore" value="true" />
    <option name="firstRun" value="1566529808800" />
    <option name="generation" value="39" />
    <option name="updateGeneration" value="1" />
    <option name="isMethodCompletionsPercentageActive" value="true" />
    <option name="isMethodCompletionsPercentageSet" value="true" />
  </component>
</application>