<application>
  <component name="FindSettings">
    <option name="caseSensitive" value="true" />
    <option name="customScope" value="File '...\app\src\main\java\info\androidhive\databinding\view\MainActivity.java [app]'" />
    <option name="defaultScopeName" value="File '...\app\src\main\java\info\androidhive\databinding\view\MainActivity.java [app]'" />
    <option name="regularExpressions" value="true" />
    <option name="CASE_SENSITIVE_SEARCH" value="true" />
    <option name="REGULAR_EXPRESSIONS" value="true" />
    <option name="SEARCH_SCOPE" value="File '...\app\src\main\java\info\androidhive\databinding\view\MainActivity.java [app]'" />
  </component>
</application>